"Region_Country_Area","Year","Population_annual_rate_of_increase_percent","Total_fertility_rate_children_per_women","Under_five_mortality_rate_for_both_sexes_per_1_000_live_births","Maternal_mortality_ratio_deaths_per_100_000_population","Life_expectancy_at_birth_for_both_sexes_years","Life_expectancy_at_birth_for_males_years","Life_expectancy_at_birth_for_females_years","region_name"
1,2010,1.3,2.6,51.6,254,70.1,67.6,72.7,"Total, all countries or areas"
1,2015,1.2,2.5,43.6,227,71.6,69.1,74.2,"Total, all countries or areas"
1,2020,0.9,2.3,38.3,223,71.9,69.3,74.7,"Total, all countries or areas"
1,2024,0.9,2.2,36,0,73.3,70.7,76,"Total, all countries or areas"
2,2010,2.6,4.9,93.9,593,58.8,57.2,60.3,"Africa"
2,2015,2.6,4.6,81,526,60.8,59.1,62.6,"Africa"
2,2020,2.4,4.2,69,487,62.3,60.2,64.3,"Africa"
2,2024,2.3,4,62.4,0,64,62,66.1,"Africa"
15,2010,1.8,3.3,39.1,144,69.3,67.3,71.4,"Northern Africa"
15,2015,2,3.4,32.6,109,70.5,68.4,72.8,"Northern Africa"
15,2020,1.6,3.1,28.9,103,70.2,68,72.5,"Northern Africa"
15,2024,1.4,2.9,26.9,0,72.2,70,74.6,"Northern Africa"
202,2010,2.8,5.3,103.1,668,56.5,55,58,"Sub-Saharan Africa"
202,2015,2.7,4.9,89.3,598,58.8,57,60.5,"Sub-Saharan Africa"
202,2020,2.6,4.5,75.4,545,60.6,58.6,62.6,"Sub-Saharan Africa"
202,2024,2.5,4.3,67.6,0,62.3,60.3,64.4,"Sub-Saharan Africa"
14,2010,2.9,5.2,82.4,542,59,57.2,60.8,"Eastern Africa"
14,2015,2.6,4.7,69.5,429,61.6,59.3,63.9,"Eastern Africa"
14,2020,2.7,4.3,54.9,351,64.2,61.4,67,"Eastern Africa"
14,2024,2.5,4,48.5,0,65.8,63.1,68.6,"Eastern Africa"
17,2010,3.3,6.2,116.9,632,55.9,54.3,57.5,"Middle Africa"
17,2015,3.2,6,96.2,573,58.5,56.7,60.4,"Middle Africa"
17,2020,3.1,5.7,81.2,539,60.3,58.1,62.5,"Middle Africa"
17,2024,3.2,5.4,72.1,0,62.2,60,64.4,"Middle Africa"
18,2010,1.2,2.6,56.2,277,58.1,55.4,60.4,"Southern Africa"
18,2015,2.2,2.5,42.2,183,63.3,60.1,66.2,"Southern Africa"
18,2020,1.6,2.3,32.9,157,64.7,61.7,67.5,"Southern Africa"
18,2024,1.2,2.3,33.6,0,66.1,62.6,69.5,"Southern Africa"
11,2010,2.8,5.7,123.2,850,54.3,53.5,55.1,"Western Africa"
11,2015,2.6,5.3,110.6,808,55.6,54.8,56.3,"Western Africa"
11,2020,2.3,4.6,98.1,754,56.9,55.9,57.8,"Western Africa"
11,2024,2.2,4.4,89.2,0,58.4,57.5,59.4,"Western Africa"
19,2010,1,2.1,18.8,60,75.4,72.6,78.3,"Americas"
19,2015,0.9,2,15.4,58,76.5,73.7,79.3,"Americas"
19,2020,0.5,1.8,13.7,68,75,71.9,78.2,"Americas"
19,2024,0.7,1.7,12.7,0,77.4,74.7,80.3,"Americas"
21,2010,1,1.9,7.1,14,78.9,76.5,81.3,"Northern America"
21,2015,0.9,1.8,6.7,17,79,76.7,81.4,"Northern America"
21,2020,0.2,1.6,6.1,20,77.5,74.8,80.3,"Northern America"
21,2024,0.6,1.6,5.8,0,79.8,77.4,82.3,"Northern America"
419,2010,1.1,2.2,23.5,79,73.2,70.2,76.3,"Latin America & the Caribbean"
419,2015,1,2.1,18.9,75,74.8,71.8,77.9,"Latin America & the Caribbean"
419,2020,0.6,1.9,16.9,88,73.3,70,76.7,"Latin America & the Caribbean"
419,2024,0.7,1.8,15.6,0,75.9,72.9,78.8,"Latin America & the Caribbean"
29,2010,0.5,2.3,64.9,191,65.5,63.8,67.3,"Caribbean"
29,2015,0.6,2.2,39.4,192,72.5,69.6,75.4,"Caribbean"
29,2020,0.5,2,36.6,188,72.3,69,75.7,"Caribbean"
29,2024,0.4,2,35.1,0,73.3,70.1,76.5,"Caribbean"
13,2010,1.5,2.5,21.4,63,73.2,70.5,75.9,"Central America"
13,2015,1.1,2.3,18.1,60,74,71.4,76.7,"Central America"
13,2020,0.9,2.1,15.2,64,70.8,67.4,74.4,"Central America"
13,2024,1,2,13.7,0,75.1,72.4,77.9,"Central America"
5,2010,1,2.1,19.9,74,74,70.8,77.4,"South America"
5,2015,0.9,2,17.1,70,75.3,72.1,78.5,"South America"
5,2020,0.6,1.8,15.5,86,74.3,71.1,77.6,"South America"
5,2024,0.6,1.7,14.4,0,76.4,73.5,79.3,"South America"
142,2010,1.2,2.3,42.2,148,71.4,69.1,73.8,"Asia"
142,2015,1,2.2,33.2,117,73,70.6,75.5,"Asia"
142,2020,0.7,2,27.9,104,73.6,71.1,76.3,"Asia"
142,2024,0.6,1.9,25.8,0,74.8,72.3,77.4,"Asia"
143,2010,1.6,2.7,31.1,34,68.9,65.1,72.7,"Central Asia"
143,2015,1.8,2.8,23.4,26,70.9,67.4,74.4,"Central Asia"
143,2020,1.9,3.1,19.1,25,70.6,67.3,74,"Central Asia"
143,2024,1.7,3.2,16.6,0,72.8,69.4,76.1,"Central Asia"
30,2010,0.6,1.7,15.1,33,76.7,73.9,79.5,"Eastern Asia"
30,2015,0.5,1.6,10.4,26,78,75.2,80.9,"Eastern Asia"
30,2020,0.1,1.2,7.4,24,78.9,76,82,"Eastern Asia"
30,2024,-0.2,1,7.7,0,79,76.1,82,"Eastern Asia"
62,2010,1.5,2.8,59.9,210,67.1,65.4,69,"South-central Asia"
62,2015,1.2,2.5,47.2,160,69.1,67.4,71,"South-central Asia"
62,2020,1.1,2.3,37.6,129,69.7,67.8,71.8,"South-central Asia"
62,2024,1.1,2.2,32.5,0,72,70.3,73.9,"South-central Asia"
35,2010,1.3,2.4,32.2,168,69.8,67.1,72.6,"South-eastern Asia"
35,2015,1.1,2.3,27.4,148,70.9,68.1,73.9,"South-eastern Asia"
35,2020,0.8,2,24.3,134,71.1,68.1,74.2,"South-eastern Asia"
35,2024,0.7,1.9,22.1,0,72.3,69.3,75.3,"South-eastern Asia"
34,2010,1.5,2.8,61,217,67.1,65.4,68.9,"Southern Asia"
34,2015,1.2,2.5,48.3,166,69.1,67.4,70.9,"Southern Asia"
34,2020,1.1,2.3,38.5,134,69.7,67.8,71.7,"Southern Asia"
34,2024,1,2.2,33.3,0,72,70.3,73.8,"Southern Asia"
145,2010,2.2,3,27.3,61,73.2,70.7,75.9,"Western Asia"
145,2015,2.4,2.9,25.2,62,73.6,70.8,76.7,"Western Asia"
145,2020,1.4,2.6,21.6,63,73.9,71.2,77,"Western Asia"
145,2024,1.7,2.5,20.8,0,75.6,73.2,78.1,"Western Asia"
150,2010,0.2,1.6,7,10,76.2,72.4,80,"Europe"
150,2015,0.3,1.6,5.6,8,77.8,74.3,81.1,"Europe"
150,2020,-0.1,1.5,4.5,8,77.7,74.3,80.9,"Europe"
150,2024,-0.1,1.4,4.1,0,79.3,75.9,82.7,"Europe"
151,2010,-0.1,1.5,10.3,14,70.6,65.5,75.9,"Eastern Europe"
151,2015,0,1.6,7.6,9,73.1,68.3,77.8,"Eastern Europe"
151,2020,-0.4,1.5,5.6,11,72.9,68.4,77.4,"Eastern Europe"
151,2024,-0.2,1.4,5.1,0,74.9,70,79.8,"Eastern Europe"
154,2010,0.6,1.9,4.7,9,79.9,77.5,82.2,"Northern Europe"
154,2015,0.7,1.8,4.1,8,80.7,78.6,82.8,"Northern Europe"
154,2020,0.3,1.6,3.7,8,80.6,78.5,82.8,"Northern Europe"
154,2024,0.5,1.5,3.7,0,81.6,79.5,83.6,"Northern Europe"
39,2010,0.2,1.5,4.8,6,80.8,77.9,83.5,"Southern Europe"
39,2015,-0.3,1.4,4.1,6,81.4,78.7,83.9,"Southern Europe"
39,2020,-0.2,1.3,3.6,6,81.1,78.4,83.7,"Southern Europe"
39,2024,-0.3,1.3,3.4,0,82.7,80.2,85.1,"Southern Europe"
155,2010,0.3,1.7,4.3,8,80.6,77.8,83.3,"Western Europe"
155,2015,0.8,1.7,4.1,6,81.3,78.7,83.8,"Western Europe"
155,2020,0.2,1.6,3.9,6,81.5,79,84,"Western Europe"
155,2024,0,1.5,3.6,0,82.4,80,84.7,"Western Europe"
9,2010,1.7,2.5,25.5,114,77.2,74.8,79.7,"Oceania"
9,2015,1.7,2.4,22.9,88,77.9,75.5,80.4,"Oceania"
9,2020,1.1,2.1,20.7,83,78.8,76.4,81.5,"Oceania"
9,2024,1.1,2.1,18.2,0,79.3,77.1,81.6,"Oceania"
53,2010,1.4,2,5.1,6,81.9,79.7,84,"Australia and New Zealand"
53,2015,1.6,1.8,4,6,82.4,80.5,84.4,"Australia and New Zealand"
53,2020,0.8,1.6,3.7,4,83.5,81.5,85.5,"Australia and New Zealand"
53,2024,0.9,1.6,3.4,0,83.8,82,85.5,"Australia and New Zealand"
54,2010,2.7,3.7,52.3,256,64.2,62.2,66.6,"Melanesia"
54,2015,2.3,3.5,46.2,190,65.3,63,68.3,"Melanesia"
54,2020,1.9,3.2,40.4,176,65.9,63.4,69,"Melanesia"
54,2024,1.7,3,35.6,0,67,64.7,69.8,"Melanesia"
57,2010,0.3,3.3,32.6,92,70,67.5,72.7,"Micronesia"
57,2015,-0.1,3.1,32.3,103,70.4,67.8,73.1,"Micronesia"
57,2020,0.7,2.9,31.4,80,70,67.1,73.2,"Micronesia"
57,2024,0.3,2.8,29.1,0,71.6,68.8,74.6,"Micronesia"
61,2010,0.5,3.1,14.2,77,75.2,72.7,78,"Polynesia"
61,2015,0.2,2.9,13.6,73,75.8,73.4,78.4,"Polynesia"
61,2020,0.3,2.6,13.1,82,76,73.6,78.7,"Polynesia"
61,2024,0,2.5,11.6,0,77.4,75.1,79.8,"Polynesia"
4,2010,2.7,6.2,90.2,899,60.7,59.1,62.3,"Afghanistan"
4,2015,2.3,5.7,76.5,776,62.3,60.4,64.2,"Afghanistan"
4,2020,3.3,5.1,62.9,620,61.5,58.5,64.7,"Afghanistan"
4,2024,2.8,4.8,54.5,0,66.3,64.7,67.8,"Afghanistan"
8,2010,-1.1,1.7,13.4,9,78.4,75.8,81.1,"Albania"
8,2015,-0.2,1.6,10.1,7,78.4,76.3,80.5,"Albania"
8,2020,-0.4,1.4,9.4,8,77.8,75.4,80.3,"Albania"
8,2024,-0.7,1.3,8.3,0,79.8,77.9,81.6,"Albania"
12,2010,2,2.9,28.1,112,74.1,73,75.3,"Algeria"
12,2015,2,3.1,25.3,89,75.2,74,76.4,"Algeria"
12,2020,1.6,2.9,22.8,78,73.3,71.7,74.9,"Algeria"
12,2024,1.4,2.7,20.5,0,76.5,75.1,77.9,"Algeria"
16,2010,-0.5,3.3,11.1,0,72.6,70.2,75.2,"American Samoa"
16,2015,-1.2,2.8,11,0,72.7,70.3,75.3,"American Samoa"
16,2024,-1.6,2.3,10.4,0,73,70.3,76,"American Samoa"
20,2010,-7.2,1.3,5.9,0,84.2,82.1,86.7,"Andorra"
20,2015,-2.2,1.2,5.8,0,84.5,82.6,86.6,"Andorra"
20,2024,1.3,1.1,6,0,84.2,82.3,86.2,"Andorra"
24,2010,3.9,6.2,119.5,367,57.2,55.3,59.2,"Angola"
24,2015,3.6,5.8,88.6,274,61,58.7,63.4,"Angola"
24,2020,3.2,5.4,71.6,222,63.1,60.5,65.8,"Angola"
24,2024,3,5,63.1,0,64.8,62.3,67.3,"Angola"
660,2010,1.8,1.6,8.6,0,77.2,73.7,81,"Anguilla"
660,2015,2.5,1.4,7.4,0,77.7,74.2,81.7,"Anguilla"
660,2024,1,1.4,5.5,0,79.5,76.2,82.8,"Anguilla"
28,2010,1.2,1.8,11.9,31,76.7,73.3,79.9,"Antigua and Barbuda"
28,2015,0.7,1.6,10.9,27,76.9,73.5,80,"Antigua and Barbuda"
28,2020,0.6,1.6,10.1,21,77.2,74.2,79.8,"Antigua and Barbuda"
28,2024,0.5,1.6,9.2,0,77.8,74.7,80.4,"Antigua and Barbuda"
32,2010,1.1,2.4,15.2,55,75.7,72.5,78.7,"Argentina"
32,2015,1,2.3,12.9,39,76.6,73.4,79.8,"Argentina"
32,2020,0.3,1.6,11.2,45,75.9,73,78.8,"Argentina"
32,2024,0.3,1.5,10.2,0,77.5,75,80,"Argentina"
51,2010,-0.5,1.6,18.6,33,72.9,68.8,76.7,"Armenia"
51,2015,-0.1,1.6,14.6,25,74.2,70.1,77.9,"Armenia"
51,2020,-0.7,1.6,11.4,27,68.9,61.9,76.3,"Armenia"
51,2024,-0.7,1.7,10.4,0,75.8,71.6,79.6,"Armenia"
533,2010,1,1.9,18,0,74.3,71,77.6,"Aruba"
533,2015,0.8,1.9,16.5,0,75.4,72.5,78.1,"Aruba"
533,2024,0.1,1.6,13.3,0,76.5,73.8,78.9,"Aruba"
36,2010,1.5,1.9,4.8,5,82,79.8,84.2,"Australia"
36,2015,1.5,1.8,3.8,5,82.6,80.6,84.6,"Australia"
36,2020,0.7,1.6,3.6,3,83.7,81.6,85.7,"Australia"
36,2024,1,1.6,3.2,0,84.1,82.3,85.8,"Australia"
40,2010,0.3,1.4,4.7,6,80.5,77.7,83.1,"Austria"
40,2015,1.3,1.5,3.7,6,81.2,78.6,83.6,"Austria"
40,2020,0.4,1.4,3.7,5,81.8,79.2,84.3,"Austria"
40,2024,-0.1,1.3,3.4,0,82.1,79.8,84.4,"Austria"
31,2010,1.2,1.9,37.9,33,70.3,67.3,73.1,"Azerbaijan"
31,2015,1.2,2.1,26.8,29,72.3,69.1,75.3,"Azerbaijan"
31,2020,0.6,1.8,20,41,70.3,66.8,73.8,"Azerbaijan"
31,2024,0.6,1.7,16.9,0,74.6,71.7,77.3,"Azerbaijan"
44,2010,1.2,1.8,15.4,79,73.4,70,77,"Bahamas"
44,2015,0.7,1.6,15.1,84,73.8,70.3,77.4,"Bahamas"
44,2020,0.2,1.4,13.2,77,73,69.4,76.8,"Bahamas"
44,2024,0.5,1.4,12.5,0,74.7,71.1,78.3,"Bahamas"
48,2010,-0.3,2,8.8,20,78.6,77.6,79.7,"Bahrain"
48,2015,4,2.1,7.6,16,80.3,79.5,81.3,"Bahrain"
48,2020,0.7,1.9,9.1,16,78.7,77.2,81,"Bahrain"
48,2024,2.4,1.8,6.2,0,81.4,80.9,82.1,"Bahrain"
50,2010,0.9,2.4,49.5,301,68,66.5,69.7,"Bangladesh"
50,2015,0.9,2.2,38.7,212,70.5,68.7,72.6,"Bangladesh"
50,2020,0.8,2.2,31.3,123,71.4,69.6,73.4,"Bangladesh"
50,2024,1.2,2.1,21,0,74.9,73.3,76.7,"Bangladesh"
52,2010,0.3,1.8,14.4,53,75.5,73.2,77.6,"Barbados"
52,2015,0.2,1.7,13.3,49,76.1,73.8,78.2,"Barbados"
52,2020,0.2,1.7,11.6,39,76.6,74.5,78.6,"Barbados"
52,2024,0.1,1.7,12.3,0,76.3,73.8,78.8,"Barbados"
112,2010,-0.2,1.5,5.7,3,70.5,64.6,76.6,"Belarus"
112,2015,0.2,1.7,4.1,1,73.8,68.5,78.8,"Belarus"
112,2020,-1.1,1.4,2.9,1,72.3,67.1,77.4,"Belarus"
112,2024,-0.6,1.2,3.1,0,74.6,69.7,79.2,"Belarus"
56,2010,1.2,1.8,4.4,6,80,77.4,82.6,"Belgium"
56,2015,0.7,1.7,3.9,5,80.9,78.6,83.1,"Belgium"
56,2020,0.3,1.6,3.6,5,80.8,78.5,83.1,"Belgium"
56,2024,0.2,1.4,3.4,0,82.3,80.1,84.4,"Belgium"
84,2010,2.2,2.6,18.6,33,70.9,68.5,73.7,"Belize"
84,2015,2.1,2.4,15.6,49,71.6,68.9,74.8,"Belize"
84,2020,1.3,2,12.9,130,71.6,69,74.5,"Belize"
84,2024,1.4,2,10.5,0,73.7,71.1,76.7,"Belize"
204,2010,3,5.5,108.6,598,58.4,57.5,59.3,"Benin"
204,2015,2.9,5.3,97.1,591,59.1,58.1,60.1,"Benin"
204,2020,2.6,4.8,85.6,523,60.2,58.7,61.6,"Benin"
204,2024,2.4,4.5,77.5,0,61,59.5,62.4,"Benin"
60,2010,0.1,1.8,4.5,0,79.4,75.3,83.8,"Bermuda"
60,2015,-0.1,1.4,3.7,0,80.3,76.4,84.5,"Bermuda"
60,2024,-0.1,1.4,2.3,0,82.5,79.1,85.9,"Bermuda"
64,2010,1.1,2.3,40.3,117,68.8,67.3,70.5,"Bhutan"
64,2015,1,1.8,30.6,74,70.8,69.4,72.5,"Bhutan"
64,2020,0.7,1.5,25.1,60,72.3,70.6,74.2,"Bhutan"
64,2024,0.6,1.4,21.5,0,73.3,71.6,75.3,"Bhutan"
68,2010,1.6,3.2,61.7,184,66,63.8,68.3,"Bolivia (Plurin. State of)"
68,2015,1.5,2.9,51.4,165,67.2,65,69.6,"Bolivia (Plurin. State of)"
68,2020,1.1,2.7,45.7,161,62.9,59.7,67.1,"Bolivia (Plurin. State of)"
68,2024,1.4,2.5,40.4,0,68.7,66.3,71.3,"Bolivia (Plurin. State of)"
535,2010,3.6,1.7,14.2,0,76.7,73.9,80.4,"Bonaire, St. Eustatius & Saba"
535,2015,-0.1,1.3,12.3,0,77.8,75.4,80.7,"Bonaire, St. Eustatius & Saba"
535,2024,2.3,1.5,12.4,0,77.6,75.4,80.3,"Bonaire, St. Eustatius & Saba"
70,2010,-1.8,1.3,6.8,8,76.8,72.9,80.2,"Bosnia and Herzegovina"
70,2015,-1.3,1.3,6.4,7,77.1,73.5,80.2,"Bosnia and Herzegovina"
70,2020,-1.5,1.5,6.4,6,76,72.5,79.4,"Bosnia and Herzegovina"
70,2024,-0.7,1.5,5.4,0,78,74.6,81.1,"Bosnia and Herzegovina"
72,2010,2.1,3.1,58.4,156,59.1,56.8,61.5,"Botswana"
72,2015,1.4,3,48.8,184,63.2,61.2,65.2,"Botswana"
72,2020,1.4,2.9,41.2,186,67.6,65,70.4,"Botswana"
72,2024,1.6,2.7,36.8,0,69.3,66.8,71.9,"Botswana"
76,2010,0.8,1.8,18.9,64,73.8,70.4,77.3,"Brazil"
76,2015,0.8,1.8,16,62,75.1,71.8,78.5,"Brazil"
76,2020,0.5,1.7,14.5,72,74.5,71.5,77.6,"Brazil"
76,2024,0.4,1.6,13.7,0,76,73,79.1,"Brazil"
92,2010,0,1.2,15.6,0,76.3,73.7,79.1,"British Virgin Islands"
92,2015,6,1.2,15.1,0,76.6,73.9,79.4,"British Virgin Islands"
92,2024,0.7,1,12.3,0,77.4,74.7,80.2,"British Virgin Islands"
96,2010,1.9,1.9,9.7,42,74.8,72.9,77.1,"Brunei Darussalam"
96,2015,1.3,1.9,9.9,45,74.9,72.9,77.1,"Brunei Darussalam"
96,2020,1,1.8,9.8,44,75.1,73.1,77.3,"Brunei Darussalam"
96,2024,0.8,1.7,9.3,0,75.5,73.5,77.7,"Brunei Darussalam"
100,2010,-0.7,1.6,10.9,10,73.8,70.4,77.4,"Bulgaria"
100,2015,-0.7,1.5,7.7,8,74.6,71.2,78.1,"Bulgaria"
100,2020,-0.5,1.6,6,7,73.6,70,77.5,"Bulgaria"
100,2024,-0.6,1.7,5.9,0,75.8,72.3,79.4,"Bulgaria"
854,2010,2.9,5.9,122.6,357,56.3,54.8,57.8,"Burkina Faso"
854,2015,2.9,5.5,100.9,295,58.8,57.1,60.4,"Burkina Faso"
854,2020,2.4,4.4,84.8,264,60.5,58.5,62.3,"Burkina Faso"
854,2024,2.2,4.1,81.5,0,61.3,59.1,63.4,"Burkina Faso"
108,2010,3.8,6.3,91,608,57.1,55.6,58.5,"Burundi"
108,2015,1.2,5.7,68.7,514,60.1,58.3,61.9,"Burundi"
108,2020,2.8,5.2,54.7,494,62.6,60.5,64.6,"Burundi"
108,2024,2.5,4.8,47.9,0,63.8,61.8,65.9,"Burundi"
132,2010,0.5,2.3,24.7,54,72.5,68.7,76.1,"Cabo Verde"
132,2015,0,2,18.6,47,74.1,70.4,77.6,"Cabo Verde"
132,2020,0.1,1.6,13.6,42,73.8,69.8,78,"Cabo Verde"
132,2024,0.5,1.5,11.6,0,76.2,73.1,79.4,"Cabo Verde"
116,2010,1.5,2.9,44,276,67.3,65.1,69.4,"Cambodia"
116,2015,1.4,2.7,31.9,209,69.4,66.9,71.7,"Cambodia"
116,2020,1.6,2.7,25.6,218,70.1,67.3,72.7,"Cambodia"
116,2024,1.2,2.5,22.2,0,70.8,68.1,73.4,"Cambodia"
120,2010,2.9,5.2,109.9,527,57,55.4,58.5,"Cameroon"
120,2015,3,4.8,89.8,447,59.7,57.8,61.7,"Cameroon"
120,2020,2.7,4.6,74.8,438,61.7,59.5,64,"Cameroon"
120,2024,2.6,4.3,65.8,0,64,61.8,66.2,"Cameroon"
124,2010,1.1,1.6,5.8,12,81.3,79.1,83.4,"Canada"
124,2015,0.9,1.6,5.3,12,81.9,79.8,83.9,"Canada"
124,2020,0.8,1.4,5.1,11,81.7,79.4,83.9,"Canada"
124,2024,1,1.3,4.7,0,82.7,80.5,84.9,"Canada"
136,2010,2.7,1.7,4.3,0,76.1,73.6,78.7,"Cayman Islands"
136,2015,2.4,1.3,2.9,0,78.1,75.7,80.6,"Cayman Islands"
136,2024,1.9,1.5,1.5,0,80.5,78.2,83,"Cayman Islands"
140,2010,1.9,6,148.2,1052,46.9,44.5,49.4,"Central African Republic"
140,2015,1.7,6.1,123.5,909,51.9,49.7,54.2,"Central African Republic"
140,2020,2.6,6.1,122.1,835,50.6,47.2,54,"Central African Republic"
140,2024,3.4,6,92.6,0,57.7,55.5,59.6,"Central African Republic"
148,2010,3.5,7,147.7,1303,50.1,49.1,51.1,"Chad"
148,2015,2.9,6.7,128.6,1125,51.3,50.1,52.5,"Chad"
148,2020,3.4,6.3,110,1063,53.1,51.3,54.9,"Chad"
148,2024,4.2,6,98.3,0,55.2,53.4,57.2,"Chad"
152,2010,1,1.8,9.1,23,79.1,76.6,81.5,"Chile"
152,2015,1,1.7,8.2,16,80,77.7,82.3,"Chile"
152,2020,0.4,1.3,5.9,15,79.3,76.8,82,"Chile"
152,2024,0.5,1.1,6.4,0,81.4,79.5,83.2,"Chile"
156,2010,0.7,1.7,15.9,33,75.7,73.2,78.3,"China"
156,2015,0.5,1.7,10.8,26,77,74.4,79.8,"China"
156,2020,0.1,1.2,7.6,23,78,75.2,81,"China"
156,2024,-0.2,1,8,0,78,75.2,81,"China"
344,2010,0.5,1.1,3.2,0,82.9,80,85.8,"China, Hong Kong SAR"
344,2015,0.6,1.2,2.5,0,84.1,81.3,87,"China, Hong Kong SAR"
344,2024,-0.5,0.7,1.9,0,85.6,83,88.3,"China, Hong Kong SAR"
446,2010,2.3,1.1,4.6,0,81.7,78.9,84.3,"China, Macao SAR"
446,2015,1.9,1.1,3.8,0,82.9,80.3,85.6,"China, Macao SAR"
446,2024,0.4,0.7,3.4,0,83.2,81,85.4,"China, Macao SAR"
170,2010,1.1,2,18.5,71,74.9,71.6,78.2,"Colombia"
170,2015,0.9,1.8,15.6,70,76.1,73.2,79,"Colombia"
170,2020,1.2,1.7,13.2,75,74.8,71.5,78.2,"Colombia"
170,2024,1,1.6,11.7,0,77.9,75.2,80.6,"Colombia"
174,2010,2,4.8,72.4,316,62.7,61.2,64.4,"Comoros"
174,2015,2.1,4.4,61.2,261,64.5,62.7,66.3,"Comoros"
174,2020,2,4.1,51.5,217,65.8,63.7,68,"Comoros"
174,2024,1.9,3.8,44.8,0,67,65,69.2,"Comoros"
178,2010,3.3,4.9,63.6,389,61.7,60.6,62.9,"Congo"
178,2015,2.4,4.6,51.8,360,63.7,62.2,65.1,"Congo"
178,2020,2.4,4.3,43.4,282,64.4,62.7,66.2,"Congo"
178,2024,2.4,4.1,38.7,0,66,64.3,67.7,"Congo"
184,2010,3,2.5,10.9,0,72.8,69.2,77,"Cook Islands"
184,2015,-0.6,2.2,8.8,0,74,70.6,78,"Cook Islands"
184,2024,-3.5,2,6.5,0,75.5,72.1,79.2,"Cook Islands"
188,2010,1.2,1.8,10.4,27,79.4,76.6,82,"Costa Rica"
188,2015,1.1,1.8,9.1,20,80.4,77.5,83.3,"Costa Rica"
188,2020,0.6,1.4,8.1,22,79.7,76.8,82.8,"Costa Rica"
188,2024,0.5,1.3,7.5,0,81,78.4,83.6,"Costa Rica"
384,2010,2.2,5.3,102.8,604,55.3,53.8,56.9,"Côte d'Ivoire"
384,2015,2.9,5,86.7,530,58.3,56.7,60,"Côte d'Ivoire"
384,2020,2.5,4.5,73.8,480,60.1,58.2,62.3,"Côte d'Ivoire"
384,2024,2.4,4.2,66.3,0,62.1,60.2,64.3,"Côte d'Ivoire"
191,2010,-0.3,1.6,5.5,7,76.7,73.2,80,"Croatia"
191,2015,-1.1,1.4,5.1,6,77.6,74.3,80.8,"Croatia"
191,2020,-0.8,1.5,4.7,5,77.5,74.3,80.7,"Croatia"
191,2024,-0.7,1.5,4,0,78.8,75.6,81.8,"Croatia"
192,2010,0,1.7,6.3,41,77.9,75.9,79.9,"Cuba"
192,2015,0,1.7,6.3,39,77.7,75.6,80,"Cuba"
192,2020,-0.2,1.5,6,39,77.4,75,79.9,"Cuba"
192,2024,-0.4,1.4,5.6,0,78.3,75.9,80.7,"Cuba"
531,2010,0.7,2.2,14,0,75.1,71.6,78.4,"Curaçao"
531,2015,0.8,1.9,11.6,0,76.5,72.4,80.3,"Curaçao"
531,2024,0,1.1,9.9,0,77,72.7,81,"Curaçao"
196,2010,1.6,1.4,3.5,27,80.6,78.2,83.2,"Cyprus"
196,2015,1.4,1.3,3.1,42,81.5,79.2,83.9,"Cyprus"
196,2020,1.2,1.4,3.3,68,81.2,78.9,83.7,"Cyprus"
196,2024,0.9,1.4,2.9,0,81.8,79.8,83.8,"Cyprus"
203,2010,0.4,1.5,3.4,4,77.6,74.4,80.7,"Czechia"
203,2015,0,1.6,3,4,78.6,75.6,81.5,"Czechia"
203,2020,-0.1,1.8,2.8,3,78.2,75.2,81.3,"Czechia"
203,2024,-1,1.5,2.6,0,80,77.2,82.7,"Czechia"
408,2010,0.4,1.9,28.7,130,70.2,67,73.3,"Dem. People's Rep. Korea"
408,2015,0.5,1.9,21.4,108,72.8,70.4,75,"Dem. People's Rep. Korea"
408,2020,0.4,1.8,17.5,107,72.8,69.9,75.7,"Dem. People's Rep. Korea"
408,2024,0.3,1.8,16.7,0,73.7,71.6,75.9,"Dem. People's Rep. Korea"
180,2010,3.2,6.6,113.9,601,56.4,54.8,58,"Dem. Rep. of the Congo"
180,2015,3.3,6.4,95.7,578,58.7,56.9,60.4,"Dem. Rep. of the Congo"
180,2020,3.3,6.2,80.8,547,60.4,58.4,62.5,"Dem. Rep. of the Congo"
180,2024,3.2,6,72.4,0,62.1,60,64.2,"Dem. Rep. of the Congo"
208,2010,0.5,1.9,3.9,7,79.2,77.1,81.3,"Denmark"
208,2015,0.8,1.7,4.1,6,80.7,78.8,82.7,"Denmark"
208,2020,0.3,1.7,3.5,5,81.5,79.6,83.5,"Denmark"
208,2024,0.5,1.5,3.4,0,82.1,80.2,84,"Denmark"
262,2010,2,3.4,76.1,274,60.7,58.5,63.1,"Djibouti"
262,2015,1.7,3,65.2,244,62.8,60.4,65.3,"Djibouti"
262,2020,1.5,2.7,55.6,234,64.2,61.7,66.8,"Djibouti"
262,2024,1.3,2.6,49.1,0,66.2,63.7,68.7,"Djibouti"
212,2010,-0.1,1.9,23.1,0,71.7,69.1,74.6,"Dominica"
212,2015,0.4,1.6,32.2,0,70,67.8,72.4,"Dominica"
212,2024,-0.4,1.5,31.7,0,71.3,68.4,74.7,"Dominica"
214,2010,1.3,2.6,35,92,72,68.6,75.7,"Dominican Republic"
214,2015,1.1,2.4,34.9,99,73,69.7,76.4,"Dominican Republic"
214,2020,1.1,2.3,33.5,107,72.6,68.9,76.7,"Dominican Republic"
214,2024,0.8,2.2,31.5,0,73.9,70.7,77.1,"Dominican Republic"
218,2010,1.7,2.6,18.9,76,75.2,72.2,78.3,"Ecuador"
218,2015,1.4,2.2,15.4,66,76.2,73.8,78.6,"Ecuador"
218,2020,0.8,2,13,66,72,68.6,75.9,"Ecuador"
218,2024,0.9,1.8,12.1,0,77.6,74.9,80.3,"Ecuador"
818,2010,1.9,3.3,28.7,38,69.1,66.7,71.5,"Egypt"
818,2015,2,3.5,23.4,24,70.1,67.8,72.5,"Egypt"
818,2020,1.6,2.9,19.4,17,69.8,67.7,72,"Egypt"
818,2024,1.6,2.7,16.2,0,71.8,69.7,74,"Egypt"
222,2010,0.3,2.2,19.3,36,70.9,66.4,75.2,"El Salvador"
222,2015,0.3,2.1,15.4,44,71,66,75.7,"El Salvador"
222,2020,0.4,1.8,12.8,43,70.2,65.5,74.7,"El Salvador"
222,2024,0.4,1.8,11.3,0,72.3,67.8,76.5,"El Salvador"
226,2010,4.6,5.2,111.3,211,58.3,56.9,59.8,"Equatorial Guinea"
226,2015,3.7,4.8,93.3,201,60.6,59.1,62.3,"Equatorial Guinea"
226,2020,2.3,4.3,78.4,212,62.1,60.3,64.2,"Equatorial Guinea"
226,2024,2.4,4.1,69.2,0,63.9,62.2,65.9,"Equatorial Guinea"
232,2010,2.1,4.6,55.4,480,63.7,61.8,65.5,"Eritrea"
232,2015,0.7,4.2,46.5,399,65.9,63.9,67.9,"Eritrea"
232,2020,1.8,3.9,39.2,322,67,64.6,69.3,"Eritrea"
232,2024,1.9,3.7,33.9,0,68.9,66.8,70.9,"Eritrea"
233,2010,-0.3,1.7,4.8,8,75.9,70.8,80.5,"Estonia"
233,2015,0.2,1.6,3.4,6,77.7,73.1,81.8,"Estonia"
233,2020,0.1,1.6,2,5,78.9,74.5,82.9,"Estonia"
233,2024,-1,1.4,2.3,0,79.3,75.1,83.2,"Estonia"
748,2010,0.6,3.4,85.9,672,48.3,46.9,49.7,"Eswatini"
748,2015,0.6,3.1,64,338,54.9,52.6,57.2,"Eswatini"
748,2020,1.2,2.9,54.7,240,59.9,56.9,62.8,"Eswatini"
748,2024,1,2.7,48.8,0,64.3,61.3,67.1,"Eswatini"
231,2010,2.8,5.3,82.7,635,59.7,57.5,62,"Ethiopia"
231,2015,2.7,4.5,63.3,399,63.6,61,66.4,"Ethiopia"
231,2020,2.7,4.3,50.4,267,66,62.8,69.4,"Ethiopia"
231,2024,2.6,3.9,43.2,0,67.6,64.4,71,"Ethiopia"
238,2010,-0.5,1.6,12.4,0,77.7,75.9,79.8,"Falkland Islands (Malvinas)"
238,2015,2,1.7,11.5,0,78.4,76.7,80.2,"Falkland Islands (Malvinas)"
238,2024,0,1.7,10.4,0,79.4,77.4,81.3,"Falkland Islands (Malvinas)"
234,2010,-1.3,2.5,8.6,0,78.7,76.4,81.4,"Faroe Islands"
234,2015,1.2,2.4,8.2,0,79.4,77.3,81.9,"Faroe Islands"
234,2024,1.2,2.2,7,0,80.4,78.4,82.7,"Faroe Islands"
242,2010,0.3,2.7,22.2,42,66.8,64.8,68.9,"Fiji"
242,2015,0.1,2.6,21.9,39,66.5,64.2,69,"Fiji"
242,2020,0.3,2.4,26.3,38,66.9,64.7,69.3,"Fiji"
242,2024,0.5,2.3,20.4,0,67.5,65.5,69.5,"Fiji"
246,2010,0.4,1.9,2.9,7,80,76.7,83.2,"Finland"
246,2015,0.3,1.6,2.1,7,81.4,78.5,84.1,"Finland"
246,2020,0.2,1.4,2.3,8,81.8,79,84.6,"Finland"
246,2024,0.2,1.3,2.3,0,82.1,79.4,84.8,"Finland"
250,2010,0.5,2,4.3,9,81.4,78,84.7,"France"
250,2015,0.3,1.9,4.3,8,82.1,79,85.2,"France"
250,2020,0.3,1.8,4,8,82.2,79.2,85.1,"France"
250,2024,0.2,1.6,3.8,0,83.5,80.6,86.2,"France"
254,2010,1.8,3.4,13.8,0,75.9,72.8,79.2,"French Guiana"
254,2015,1.9,3.5,12.2,0,76.6,74.1,79.2,"French Guiana"
254,2024,1.7,3.3,11.1,0,77.2,74.3,80.1,"French Guiana"
258,2010,0.4,2.2,8.5,0,81.1,78.7,83.9,"French Polynesia"
258,2015,0.5,1.9,7.4,0,82.3,79.9,85,"French Polynesia"
258,2024,0.2,1.5,6,0,84.2,81.9,86.6,"French Polynesia"
266,2010,3.5,4.2,61.6,193,64.7,62.8,66.8,"Gabon"
266,2015,3,3.9,49.5,212,66.3,64.2,68.7,"Gabon"
266,2020,2.3,3.8,41.2,227,67.1,64.7,69.7,"Gabon"
266,2024,2.1,3.6,36.3,0,68.5,66.1,71.2,"Gabon"
270,2010,2.9,5.6,73.5,620,61.2,59.9,62.4,"Gambia"
270,2015,2.7,5,59.6,535,63,61.7,64.3,"Gambia"
270,2020,2.4,4.2,49,458,64.4,62.7,66.1,"Gambia"
270,2024,2.3,3.9,43.1,0,66.1,64.4,67.8,"Gambia"
268,2010,-0.7,2,14.5,41,71.7,66.9,76.4,"Georgia"
268,2015,0,2.2,10.7,30,73.2,68.5,77.9,"Georgia"
268,2020,-0.1,2,9.6,28,73.5,68.6,78.3,"Georgia"
268,2024,0,1.8,7.7,0,74.7,69.7,79.2,"Georgia"
276,2010,-0.1,1.4,4.2,6,80.1,77.4,82.6,"Germany"
276,2015,1.2,1.5,3.9,5,80.6,78.1,83,"Germany"
276,2020,0,1.5,3.6,4,81,78.6,83.4,"Germany"
276,2024,-0.3,1.4,3.4,0,81.5,79.2,83.9,"Germany"
288,2010,2.4,4.2,69.4,337,61.3,59.8,62.8,"Ghana"
288,2015,2.3,4,55.5,286,63.2,61.3,65.1,"Ghana"
288,2020,2,3.5,45.5,263,64.3,62,66.7,"Ghana"
288,2024,1.9,3.3,40.1,0,65.7,63.3,68.2,"Ghana"
292,2010,1.4,2,12.3,0,82.1,79.4,84.6,"Gibraltar"
292,2015,1.1,2.1,11.6,0,82.7,79.9,85.3,"Gibraltar"
292,2024,2.1,1.9,10.4,0,83.6,81,86.2,"Gibraltar"
300,2010,0.1,1.5,4.1,3,80.6,77.7,83.4,"Greece"
300,2015,-0.7,1.3,4.2,5,80.8,77.9,83.6,"Greece"
300,2020,-0.3,1.4,3.8,8,81.5,78.8,84.3,"Greece"
300,2024,-1.8,1.3,3.4,0,82,79.5,84.5,"Greece"
304,2010,0.6,2.2,11.9,0,68.5,66.2,71.2,"Greenland"
304,2015,0.1,2.1,11.1,0,70.2,68.4,72.4,"Greenland"
304,2024,-0.2,1.9,11.4,0,70.2,68.2,72.6,"Greenland"
308,2010,0.3,2,14.5,27,74.7,72.2,77.5,"Grenada"
308,2015,0.4,1.7,15.1,23,75,72.4,78,"Grenada"
308,2020,0.4,1.5,15.8,21,75,72.2,78.2,"Grenada"
308,2024,0.1,1.5,14.4,0,75.4,72.5,78.5,"Grenada"
312,2010,0,2.1,9.6,0,80.1,76.2,83.8,"Guadeloupe"
312,2015,-0.8,2.2,9,0,81.3,77,85.2,"Guadeloupe"
312,2024,-0.3,2.1,8,0,82.2,78.4,85.7,"Guadeloupe"
316,2010,0.1,3,12.6,0,76.1,72.8,79.8,"Guam"
316,2015,-0.4,2.9,13.3,0,76.4,72.7,80.7,"Guam"
316,2024,0.7,2.7,11.8,0,77.4,73.7,81.6,"Guam"
320,2010,2,3.4,34.9,123,69.9,67,72.8,"Guatemala"
320,2015,1.8,3,28.6,107,70.9,68.3,73.6,"Guatemala"
320,2020,1.5,2.5,23.7,96,70,67,73.2,"Guatemala"
320,2024,1.5,2.3,21.2,0,72.7,70.4,75,"Guatemala"
831,2010,0.2,1.6,7.6,0,82.3,80.2,84.3,"Guernsey"
831,2015,0.1,1.5,7.2,0,82.7,80.8,84.6,"Guernsey"
831,2024,0.3,1.4,6.6,0,83.4,81.2,85.6,"Guernsey"
324,2010,2.5,5.4,122.3,741,56.4,55.2,57.6,"Guinea"
324,2015,2.6,5,112.3,649,57.9,56.6,59.1,"Guinea"
324,2020,2.5,4.5,100.3,553,59.3,58,60.7,"Guinea"
324,2024,2.3,4.1,92,0,60.9,59.7,62.1,"Guinea"
624,2010,2.6,5.1,114.4,795,57,55,58.9,"Guinea-Bissau"
624,2015,2.5,4.7,92.2,713,60.1,57.9,62.1,"Guinea-Bissau"
624,2020,2.3,4.1,77,725,61.3,58.9,63.7,"Guinea-Bissau"
624,2024,2.2,3.8,68.2,0,64.3,61.8,66.5,"Guinea-Bissau"
328,2010,-0.4,2.7,37.3,148,66.2,63.1,69.7,"Guyana"
328,2015,0.6,2.7,33,128,67.7,64.2,71.5,"Guyana"
328,2020,1.1,2.5,28.3,112,67.8,64,71.9,"Guyana"
328,2024,0.6,2.4,22.2,0,70.3,66.6,74.1,"Guyana"
332,2010,0.7,3.5,141.1,403,45.6,45.4,45.7,"Haiti"
332,2015,1.4,3.1,69.9,391,63.2,60.6,65.9,"Haiti"
332,2020,1.2,2.8,60.2,350,63.8,60.7,67,"Haiti"
332,2024,1.1,2.6,56.8,0,65.1,61.9,68.5,"Haiti"
340,2010,2.1,3.1,25.1,73,69.8,67.6,72.1,"Honduras"
340,2015,1.9,2.7,20.5,67,71.3,69,73.8,"Honduras"
340,2020,1.7,2.6,17.3,72,70.9,68.2,73.8,"Honduras"
340,2024,1.7,2.5,15,0,73,70.5,75.7,"Honduras"
348,2010,-0.3,1.3,6,15,74.5,70.6,78.3,"Hungary"
348,2015,-0.3,1.4,5.1,15,75.7,72.2,78.9,"Hungary"
348,2020,-0.4,1.6,4,15,75.7,72.3,79,"Hungary"
348,2024,-0.3,1.5,3.6,0,77.2,73.9,80.3,"Hungary"
352,2010,0.3,2.2,3.4,3,81.6,79.6,83.7,"Iceland"
352,2015,1,1.8,3.3,3,82.2,80.9,83.4,"Iceland"
352,2020,1.3,1.7,3.4,3,82.7,81.2,84.2,"Iceland"
352,2024,1.4,1.5,1.6,0,83,81.6,84.5,"Iceland"
356,2010,1.4,2.6,57.8,179,67.2,65.6,68.8,"India"
356,2015,1.2,2.3,43.5,128,69.3,67.8,70.9,"India"
356,2020,0.9,2,32.6,103,70.2,68.5,71.9,"India"
356,2024,0.9,2,28.2,0,72.2,70.7,73.9,"India"
360,2010,1.3,2.5,33.7,219,68.4,66.6,70.2,"Indonesia"
360,2015,1.1,2.3,27.5,194,69.5,67.6,71.5,"Indonesia"
360,2020,0.8,2.2,22.8,173,68.8,66.6,71.1,"Indonesia"
360,2024,0.8,2.1,19.9,0,71.3,69.2,73.4,"Indonesia"
364,2010,1.3,1.7,19.5,32,74.4,72.5,76.4,"Iran (Islamic Republic of)"
364,2015,1.4,2,15.5,20,75.9,74.1,77.8,"Iran (Islamic Republic of)"
364,2020,0.6,1.7,13.1,22,74.1,72.2,76.2,"Iran (Islamic Republic of)"
364,2024,1,1.7,10.9,0,77.9,76,79.8,"Iran (Islamic Republic of)"
368,2010,3.2,4.5,35,115,68.1,65.8,70.2,"Iraq"
368,2015,2.6,4.1,29.8,102,70,67.8,72,"Iraq"
368,2020,2.3,3.4,25.7,76,69.7,67,72.3,"Iraq"
368,2024,2.1,3.2,22.4,0,72.4,70.5,74.2,"Iraq"
372,2010,0.5,2.1,4.3,7,80.6,78.3,82.8,"Ireland"
372,2015,1.1,1.9,4,6,81.5,79.6,83.4,"Ireland"
372,2020,0.8,1.7,3.2,5,82.4,80.6,84.2,"Ireland"
372,2024,1.1,1.6,3.2,0,82.6,80.6,84.6,"Ireland"
833,2010,1.1,1.9,15.5,0,79.6,78,81.2,"Isle of Man"
833,2015,-0.4,1.7,14.6,0,80.3,78.6,81.9,"Isle of Man"
833,2024,0,1.5,13.4,0,81.1,79,83.2,"Isle of Man"
376,2010,1.9,3,4.6,3,82,80,83.8,"Israel"
376,2015,2,3.1,3.8,3,82.3,80.2,84.2,"Israel"
376,2020,1.6,2.9,2.8,3,82.7,80.6,84.7,"Israel"
376,2024,1.4,2.8,3.7,0,82.7,80.7,84.7,"Israel"
380,2010,0.4,1.4,3.7,7,82.1,79.5,84.5,"Italy"
380,2015,-0.2,1.3,3.4,7,82.5,80.2,84.7,"Italy"
380,2020,-0.4,1.2,2.9,5,82.2,79.8,84.5,"Italy"
380,2024,-0.3,1.2,2.6,0,83.9,81.8,85.9,"Italy"
388,2010,0.4,1.8,19.1,88,72,69.6,74.4,"Jamaica"
388,2015,0.3,1.5,18.7,97,72.2,70.1,74.3,"Jamaica"
388,2020,0.4,1.4,19.2,99,71.5,68.9,74,"Jamaica"
388,2024,0,1.4,18.9,0,71.6,69.1,74.1,"Jamaica"
392,2010,0,1.4,3.2,6,82.9,79.5,86.2,"Japan"
392,2015,-0.1,1.4,2.7,5,83.9,80.7,87,"Japan"
392,2020,-0.4,1.3,2.3,4,84.7,81.6,87.7,"Japan"
392,2024,-0.5,1.2,2.3,0,84.9,81.8,87.9,"Japan"
832,2010,1,1.6,9.2,0,80.5,78.2,82.9,"Jersey"
832,2015,0.5,1.5,9.1,0,80.5,78.2,83,"Jersey"
832,2024,0.2,1.4,9.8,0,79.8,77.9,81.9,"Jersey"
400,2010,2.5,3.8,20.2,47,73.8,71.9,76,"Jordan"
400,2015,7.2,3.1,17.5,46,75.1,73.1,77.3,"Jordan"
400,2020,1.9,2.8,15.1,41,75.6,73.4,78.3,"Jordan"
400,2024,0.4,2.6,13.3,0,78,75.9,80.3,"Jordan"
398,2010,1.3,2.6,20.2,20,68.3,62.8,73.8,"Kazakhstan"
398,2015,1.5,2.8,12.4,13,72,67.2,76.5,"Kazakhstan"
398,2020,1.4,3.1,10.1,13,71.2,66.8,75.5,"Kazakhstan"
398,2024,1.2,3,7.9,0,74.5,70.3,78.5,"Kazakhstan"
404,2010,2.8,4.4,54.3,476,60.9,59.2,62.6,"Kenya"
404,2015,2.2,3.8,47.1,483,62.3,60.3,64.3,"Kenya"
404,2020,2,3.4,48.3,530,61.6,59.1,64.2,"Kenya"
404,2024,1.9,3.2,40.1,0,63.8,61.6,66.1,"Kenya"
296,2010,2,3.9,58.5,131,65.9,64.1,67.4,"Kiribati"
296,2015,1.3,3.4,58.8,121,65.8,64,67.4,"Kiribati"
296,2020,2,3.3,57.9,76,65.2,63.1,67.1,"Kiribati"
296,2024,1.5,3.1,53.9,0,66.6,64.7,68.3,"Kiribati"
412,2010,-0.3,2.2,20.2,0,74.6,72.3,76.9,"Kosovo"
412,2015,-2.2,1.8,14.3,0,76,73.7,78.3,"Kosovo"
412,2024,-0.7,1.5,10,0,78.2,76,80.3,"Kosovo"
414,2010,5.1,2,10.5,9,77.5,76,79.5,"Kuwait"
414,2015,4.7,2,9.4,7,79.2,78.1,80.7,"Kuwait"
414,2020,-2.9,2.1,8.7,7,78.2,77.3,79.9,"Kuwait"
414,2024,2,1.5,7.6,0,80.6,79.4,82,"Kuwait"
417,2010,1.9,3.1,29.7,72,67.5,63.5,71.7,"Kyrgyzstan"
417,2015,1.8,3.2,22.2,61,69.3,65.8,73.4,"Kyrgyzstan"
417,2020,2.5,3.1,18.2,50,69.1,65.9,72.7,"Kyrgyzstan"
417,2024,1.5,2.8,14.6,0,71.8,68.3,75.4,"Kyrgyzstan"
418,2010,1.5,3.1,67.7,284,63.7,61.4,66.1,"Lao People's Dem. Rep."
418,2015,1.6,2.8,53.3,184,66.7,64.6,68.9,"Lao People's Dem. Rep."
418,2020,1.5,2.5,43.5,126,68.3,65.9,71,"Lao People's Dem. Rep."
418,2024,1.3,2.4,37.2,0,69.2,67,71.5,"Lao People's Dem. Rep."
428,2010,-2.2,1.4,6.8,25,73,67.9,77.8,"Latvia"
428,2015,-0.9,1.7,4.9,22,74.7,69.7,79.3,"Latvia"
428,2020,-0.7,1.5,4.3,18,75.5,70.7,80,"Latvia"
428,2024,-0.8,1.3,3.4,0,76.3,71.8,80.6,"Latvia"
422,2010,0.6,2.3,12.8,18,77.5,75.4,79.4,"Lebanon"
422,2015,-2.2,2.4,13.1,19,78.3,76.2,80.1,"Lebanon"
422,2020,0.2,2.3,20.3,21,76.3,73.9,78.7,"Lebanon"
422,2024,0.7,2.2,18.1,0,77.9,75.9,79.9,"Lebanon"
426,2010,0.8,3.2,94.9,1040,46,43.9,48.3,"Lesotho"
426,2015,1.2,3.2,81.2,728,51.8,49.3,54.4,"Lesotho"
426,2020,1.2,2.8,76.3,566,55.1,52.5,57.7,"Lesotho"
426,2024,1.1,2.7,69.2,0,57.8,55,60.4,"Lesotho"
430,2010,2.9,5.1,101.8,634,59.4,58,60.7,"Liberia"
430,2015,2.2,4.5,92.3,686,59.2,58.1,60.4,"Liberia"
430,2020,2.1,4.2,77.2,652,61.3,59.9,62.6,"Liberia"
430,2024,2.1,3.9,70.1,0,62.3,61,63.6,"Liberia"
434,2010,2,2.6,16.9,57,72.2,70.2,74.6,"Libya"
434,2015,1.5,2.7,14.6,71,71.6,68.6,75.2,"Libya"
434,2020,1.3,2.5,11.9,72,72.4,69.5,75.7,"Libya"
434,2024,1,2.3,14.8,0,71.1,69.6,72.7,"Libya"
438,2010,0.7,1.4,7.8,0,82.1,79.7,84.3,"Liechtenstein"
438,2015,0.7,1.4,7.2,0,82.8,80.8,84.5,"Liechtenstein"
438,2024,0.7,1.5,6.4,0,83.7,82,85.4,"Liechtenstein"
440,2010,-2.9,1.5,6,10,73.2,67.5,78.8,"Lithuania"
440,2015,-1.1,1.7,5.3,8,74.5,69.1,79.6,"Lithuania"
440,2020,0.1,1.5,3.2,9,75.1,70.1,80,"Lithuania"
440,2024,-0.5,1.2,3.8,0,76.2,71.4,80.8,"Lithuania"
442,2010,1.9,1.6,4.6,8,80.1,77.9,82.1,"Luxembourg"
442,2015,2.3,1.5,5.1,7,81.3,79.6,82.8,"Luxembourg"
442,2020,1.4,1.4,6.5,6,81.4,79.7,83.1,"Luxembourg"
442,2024,1.1,1.4,3.7,0,82.4,80.7,83.9,"Luxembourg"
450,2010,2.9,4.9,71.3,497,62.6,61.1,64.1,"Madagascar"
450,2015,2.6,4.3,66.4,482,63.4,61.8,65,"Madagascar"
450,2020,2.5,4.2,66,392,62.7,60.9,64.6,"Madagascar"
450,2024,2.4,3.9,64.4,0,63.8,62.1,65.6,"Madagascar"
454,2010,2.9,5.3,81.2,513,57.8,55.6,59.9,"Malawi"
454,2015,2.7,4.4,57,445,62.3,59.4,65.2,"Malawi"
454,2020,2.6,3.9,43.7,381,65.2,61.7,68.8,"Malawi"
454,2024,2.6,3.6,38.2,0,67.6,64.3,70.8,"Malawi"
458,2010,1.8,2.1,8.1,25,75.4,73,78.1,"Malaysia"
458,2015,1.7,2,8.1,22,75.3,72.9,78,"Malaysia"
458,2020,1.1,1.7,8,21,76.1,73.7,78.8,"Malaysia"
458,2024,1.2,1.5,6.2,0,76.8,74.4,79.5,"Malaysia"
462,2010,3.5,2.3,14,60,76.8,75.5,78.4,"Maldives"
462,2015,3.6,2,9.7,57,78.6,77.5,80.1,"Maldives"
462,2020,2.8,1.6,6.8,57,78.7,77.5,80.4,"Maldives"
462,2024,0.4,1.6,5.4,0,81.3,79.9,83,"Maldives"
466,2010,3.3,6.6,134.7,547,56,55.1,56.9,"Mali"
466,2015,3.1,6.4,115.8,494,57.9,56.8,58.9,"Mali"
466,2020,3.1,5.9,100.1,440,58.9,57.5,60.3,"Mali"
466,2024,2.9,5.5,92.2,0,60.7,59.3,62.1,"Mali"
470,2010,0.4,1.4,6.8,5,81.4,79.1,83.5,"Malta"
470,2015,2.4,1.4,6.8,4,82.6,80.1,85,"Malta"
470,2020,1.4,1.1,4.6,3,82.3,80.1,84.5,"Malta"
470,2024,1.2,1.1,5.5,0,83.5,81.5,85.4,"Malta"
584,2010,0.1,3.7,38.9,0,64.5,62.7,66.7,"Marshall Islands"
584,2015,-2.1,3.1,35.3,0,65.3,63.4,67.6,"Marshall Islands"
584,2024,-3.4,2.9,27.2,0,67.1,65,69.5,"Marshall Islands"
474,2010,-0.6,2,9.2,0,81.1,78.1,83.9,"Martinique"
474,2015,-1,2,8.5,0,82,79.3,84.5,"Martinique"
474,2024,-0.8,2,7.6,0,82.7,79.5,85.7,"Martinique"
478,2010,3.2,5.4,56.8,586,65.7,63.5,67.9,"Mauritania"
478,2015,3,5.2,48.8,510,66.5,64.6,68.6,"Mauritania"
478,2020,2.9,4.9,41.8,464,66.8,64.8,68.9,"Mauritania"
478,2024,2.8,4.6,36.6,0,68.7,66.7,70.7,"Mauritania"
480,2010,0.3,1.5,14.6,55,73.6,70.3,77.2,"Mauritius"
480,2015,0,1.3,14.2,57,74.7,71.6,77.9,"Mauritius"
480,2020,-0.2,1.4,15.8,84,74.7,71.3,78.4,"Mauritius"
480,2024,-0.2,1.2,13.4,0,75.1,72.1,78.3,"Mauritius"
175,2010,2.7,4.4,6.7,0,78.3,76.3,80.5,"Mayotte"
175,2015,4.1,4.7,9.8,0,76.9,75.3,78.6,"Mayotte"
175,2024,3.2,4.6,10.9,0,76.2,74.3,78.5,"Mayotte"
484,2010,1.4,2.3,19.2,51,73.7,71.1,76.3,"Mexico"
484,2015,1,2.1,16.2,52,74.4,71.9,76.9,"Mexico"
484,2020,0.7,2,13.8,59,70.4,66.9,74.1,"Mexico"
484,2024,0.8,1.9,12.5,0,75.3,72.4,78,"Mexico"
583,2010,0.1,3.3,33.5,46,64.9,62,68,"Micronesia (Fed. States of)"
583,2015,0.3,3,30,64,65.3,62.5,68.3,"Micronesia (Fed. States of)"
583,2020,0.9,2.9,25.2,74,65.9,62.4,69.7,"Micronesia (Fed. States of)"
583,2024,0.5,2.7,22.3,0,67.4,63.6,71.3,"Micronesia (Fed. States of)"
492,2010,2.4,2.4,5.7,0,84.6,82.2,87.1,"Monaco"
492,2015,1.7,2.5,5.2,0,85.3,82.8,88.2,"Monaco"
492,2024,-0.8,2.1,4.5,0,86.5,84.6,88.6,"Monaco"
496,2010,1.5,2.5,26.8,65,67.1,63,71.6,"Mongolia"
496,2015,2.2,3,19.4,47,69.2,65,73.8,"Mongolia"
496,2020,1.6,2.9,15,39,70,65.3,75.2,"Mongolia"
496,2024,1.2,2.6,11.3,0,72,67.5,76.7,"Mongolia"
499,2010,-0.1,1.7,7.2,7,75.7,72.8,78.4,"Montenegro"
499,2015,-0.6,1.8,3.9,6,76.6,73.8,79.2,"Montenegro"
499,2020,-0.6,1.8,4.2,6,75.9,72.6,79.1,"Montenegro"
499,2024,-0.3,1.8,3.4,0,77.3,73.9,80.4,"Montenegro"
500,2010,1.3,1.6,10,0,74.7,72.8,77.2,"Montserrat"
500,2015,-0.7,1.5,8.4,0,75.1,73.2,77.7,"Montserrat"
500,2024,-0.7,1.4,6.2,0,76.3,74.3,79,"Montserrat"
504,2010,1.4,2.6,31,134,70.8,69.2,72.5,"Morocco"
504,2015,1.1,2.4,23.3,97,72.9,71.2,74.7,"Morocco"
504,2020,1,2.3,18.6,72,73.1,70.9,75.7,"Morocco"
504,2024,0.9,2.2,16.3,0,75.5,73.3,77.8,"Morocco"
508,2010,2.7,5.7,104.4,322,55,53.4,56.4,"Mozambique"
508,2015,2.9,5.2,83.9,226,58.7,56.4,60.7,"Mozambique"
508,2020,3,5,70.5,127,61.4,58.2,64.2,"Mozambique"
508,2024,2.9,4.7,63,0,63.8,60.5,66.7,"Mozambique"
104,2010,0.8,2.3,63.2,293,63.5,60.7,66.5,"Myanmar"
104,2015,0.8,2.3,51.6,243,65.3,62.4,68.4,"Myanmar"
104,2020,0.7,2.2,43,179,66.6,63.7,69.7,"Myanmar"
104,2024,0.7,2.1,41.4,0,67.1,64,70.4,"Myanmar"
516,2010,1.6,3.7,51.5,482,56.1,53.4,58.7,"Namibia"
516,2015,2.7,3.6,45.3,299,60,56.8,63.1,"Namibia"
516,2020,3,3.3,40.5,215,64.1,60.2,68,"Namibia"
516,2024,2.1,3.2,36.3,0,67.5,63.5,71.5,"Namibia"
520,2010,0.3,4,36.9,0,60.1,57.5,63.6,"Nauru"
520,2015,1.9,4.1,33,0,60.9,58.2,64.2,"Nauru"
520,2024,0.7,3.3,25.3,0,62.3,60.4,64.2,"Nauru"
524,2010,0.6,2.5,48.2,349,66.8,65.2,68.4,"Nepal"
524,2015,0.7,2.3,40.3,252,67.4,66.1,68.6,"Nepal"
524,2020,1.8,2.1,30.3,174,69.1,67.5,70.8,"Nepal"
524,2024,-0.2,2,24.8,0,70.6,69.1,72.1,"Nepal"
528,2010,0.5,1.8,4.5,6,80.8,78.8,82.7,"Netherlands (Kingdom of the)"
528,2015,0.5,1.7,3.8,5,81.5,79.7,83.1,"Netherlands (Kingdom of the)"
528,2020,0.4,1.5,4.3,4,81.4,79.7,83.1,"Netherlands (Kingdom of the)"
528,2024,0.7,1.4,3.6,0,82.3,80.7,83.9,"Netherlands (Kingdom of the)"
540,2010,1.9,2.2,16.3,0,76,73.1,79.2,"New Caledonia"
540,2015,0.1,2.1,14.2,0,77.2,74.4,80.2,"New Caledonia"
540,2024,0.9,2,10.6,0,78.9,76.5,81.4,"New Caledonia"
554,2010,0.9,2.2,6.1,10,81.1,79.1,82.9,"New Zealand"
554,2015,2.1,2,5.1,9,81.6,79.9,83.2,"New Zealand"
554,2020,1.3,1.6,4.4,7,82.7,80.8,84.5,"New Zealand"
554,2024,0.8,1.7,4.7,0,82.2,80.6,83.9,"New Zealand"
558,2010,1.4,2.6,23.9,98,71.8,68.8,74.7,"Nicaragua"
558,2015,1.4,2.4,19.4,79,72.9,70.1,75.6,"Nicaragua"
558,2020,1.2,2.3,16.2,78,70.8,67.6,74,"Nicaragua"
558,2024,1.3,2.2,13.2,0,75.1,72.5,77.6,"Nicaragua"
562,2010,3.7,7.6,139.2,594,57.1,56.5,57.6,"Niger"
562,2015,3.7,7.2,127.4,491,58.8,58,59.7,"Niger"
562,2020,3.3,6.4,120.7,441,59.9,58.8,61,"Niger"
562,2024,3.3,5.9,113.7,0,61.4,60.5,62.4,"Niger"
566,2010,2.8,5.9,136.2,1123,51.3,50.9,51.8,"Nigeria"
566,2015,2.5,5.5,126.2,1113,51.9,51.6,52.2,"Nigeria"
566,2020,2.1,4.7,113.7,1047,53.1,52.7,53.4,"Nigeria"
566,2024,2.1,4.4,102.8,0,54.6,54.3,54.9,"Nigeria"
570,2010,-0.9,3,35.3,0,67.7,64.8,70.9,"Niue"
570,2015,0.5,2.9,31,0,68.6,65.9,71.6,"Niue"
570,2024,0.4,2.5,23.5,0,70.1,67.5,72.9,"Niue"
807,2010,-0.5,1.7,8.5,6,75,72.6,77.3,"North Macedonia"
807,2015,-0.9,1.8,9.6,5,75.6,73.3,77.9,"North Macedonia"
807,2020,-1.5,1.6,6.4,3,74.5,72,77,"North Macedonia"
807,2024,-0.5,1.5,6.9,0,77.5,75.3,79.7,"North Macedonia"
580,2010,-1.2,3,7.4,0,77.8,76.2,79.8,"Northern Mariana Islands"
580,2015,-1.4,3.1,8.4,0,77.4,75.7,79.4,"Northern Mariana Islands"
580,2024,-1.8,2.3,6.1,0,78.9,77.3,80.9,"Northern Mariana Islands"
578,2010,1.3,1.9,3.3,4,81,78.8,83.2,"Norway"
578,2015,0.9,1.7,2.9,2,82.3,80.4,84.1,"Norway"
578,2020,0.4,1.5,2.1,2,83.2,81.5,84.9,"Norway"
578,2024,1,1.4,2.1,0,83.5,81.9,85,"Norway"
512,2010,3.1,3,11.8,18,77.2,75.4,79.6,"Oman"
512,2015,5.1,3,11.2,15,79.3,77.9,81.3,"Oman"
512,2020,-2.2,2.6,10.7,17,77.8,76.5,79.5,"Oman"
512,2024,4.4,2.5,10.1,0,80.2,78.7,82,"Oman"
158,2010,0.2,0.9,5.7,0,79,76,82.5,"Other non-specified areas"
158,2015,0.2,1.2,5,0,79.9,76.7,83.4,"Other non-specified areas"
158,2024,-0.4,0.9,4.4,0,80.7,77.9,83.7,"Other non-specified areas"
586,2010,2.4,4.4,87.3,230,64.4,62.3,66.7,"Pakistan"
586,2015,1.4,4,76.2,187,65.6,63.5,68.1,"Pakistan"
586,2020,1.9,3.8,65.2,154,65.7,63.3,68.4,"Pakistan"
586,2024,1.5,3.5,58.1,0,67.8,65.5,70.3,"Pakistan"
585,2010,-1.7,1.9,19.9,0,68.3,65.2,72.2,"Palau"
585,2015,0.2,2,21.3,0,69.1,66.1,72.6,"Palau"
585,2024,-0.1,1.9,21.4,0,69.4,67.3,71.9,"Palau"
591,2010,1.8,2.6,18.7,55,76.4,73,79.9,"Panama"
591,2015,1.7,2.5,17.1,49,77.6,74.6,80.6,"Panama"
591,2020,1.2,2.2,12.8,50,76.3,73.1,79.8,"Panama"
591,2024,1.2,2.1,13.2,0,79.8,76.9,82.7,"Panama"
598,2010,3,3.9,58.5,289,63.1,61.2,65.5,"Papua New Guinea"
598,2015,2.5,3.6,51.5,208,64.5,62.1,67.5,"Papua New Guinea"
598,2020,2,3.3,44.2,192,65.1,62.6,68.4,"Papua New Guinea"
598,2024,1.8,3.1,39.2,0,66.3,63.8,69.2,"Papua New Guinea"
600,2010,1.3,2.7,25.8,100,72.6,70,75.3,"Paraguay"
600,2015,1.5,2.6,22.1,80,73.5,70.6,76.5,"Paraguay"
600,2020,1.4,2.5,18.7,71,72.7,69.7,76.1,"Paraguay"
600,2024,1.2,2.4,19.3,0,74,71,77.1,"Paraguay"
604,2010,0.7,2.4,20.6,76,72.9,70.7,75.2,"Peru"
604,2015,1.2,2.2,17.3,65,75.7,73.6,78,"Peru"
604,2020,1.1,2.1,15.7,69,73.8,70.4,78,"Peru"
604,2024,1.1,2,12.8,0,77.9,75.6,80.3,"Peru"
608,2010,2.1,3.3,30.1,105,68.9,65.5,72.1,"Philippines"
608,2015,1.4,2.8,28.4,88,69.5,66.3,72.5,"Philippines"
608,2020,1.1,2.1,28.1,78,70.1,67.4,72.8,"Philippines"
608,2024,0.8,1.9,26.5,0,69.9,67,73,"Philippines"
616,2010,0.4,1.4,5.7,3,76.3,72.1,80.4,"Poland"
616,2015,0,1.3,4.8,2,77.6,73.6,81.5,"Poland"
616,2020,-0.3,1.4,4.1,2,76.6,72.5,80.8,"Poland"
616,2024,-0.9,1.3,3.8,0,78.8,75.1,82.5,"Poland"
620,2010,-0.1,1.4,3.3,10,80.1,76.9,83.2,"Portugal"
620,2015,-0.2,1.3,3.6,10,81.3,78.2,84.3,"Portugal"
620,2020,0.2,1.4,3,12,81.4,78.4,84.2,"Portugal"
620,2024,-0.1,1.5,3,0,82.6,79.7,85.3,"Portugal"
630,2010,-0.7,1.6,8.8,21,78.7,75.2,82.2,"Puerto Rico"
630,2015,-1.3,1.4,7.4,18,80.7,77.2,84,"Puerto Rico"
630,2020,-0.7,0.9,6.2,34,80,76,84,"Puerto Rico"
630,2024,-0.1,0.9,6.5,0,81.9,78.3,85.4,"Puerto Rico"
634,2010,6.3,2.1,9.1,10,79.4,78.7,80.5,"Qatar"
634,2015,8.3,2,7.6,7,81.8,81.1,82.8,"Qatar"
634,2020,-0.9,1.7,5.9,8,80.4,79.4,82.2,"Qatar"
634,2024,2.4,1.7,6.8,0,82.5,81.8,83.5,"Qatar"
410,2010,0.5,1.2,4.2,8,80.7,77.1,84.2,"Republic of Korea"
410,2015,0.8,1.2,3.5,6,82.5,79,85.8,"Republic of Korea"
410,2020,0.1,0.8,3,8,83.7,80.3,86.8,"Republic of Korea"
410,2024,-0.1,0.7,2.6,0,84.4,81.3,87.3,"Republic of Korea"
498,2010,-2.1,1.7,17.2,18,69.9,65.5,74,"Republic of Moldova"
498,2015,-1.6,1.9,15.7,17,70.1,65.6,74.5,"Republic of Moldova"
498,2020,-1.4,1.8,14.5,12,69.9,65.5,74.2,"Republic of Moldova"
498,2024,-1.2,1.7,11.8,0,71.3,66.7,75.7,"Republic of Moldova"
638,2010,0.6,2.2,7.7,0,80.5,76.9,83.8,"Réunion"
638,2015,-0.2,2.2,7.2,0,81.9,78.7,84.9,"Réunion"
638,2024,0.4,2.2,5.3,0,83.7,80.7,86.4,"Réunion"
642,2010,-0.7,1.6,12.4,22,73.6,69.9,77.3,"Romania"
642,2015,-0.5,1.6,9.2,15,74.7,71.2,78.3,"Romania"
642,2020,-0.6,1.7,6.7,10,74,70.3,78,"Romania"
642,2024,-0.6,1.7,6.3,0,76.1,72.6,79.7,"Romania"
643,2010,0,1.6,11.9,17,68.2,62.2,74.3,"Russian Federation"
643,2015,0.3,1.8,8.1,10,71.3,65.9,76.7,"Russian Federation"
643,2020,-0.3,1.5,5.7,14,71.2,66.3,75.9,"Russian Federation"
643,2024,-0.5,1.5,5.3,0,73.3,67.5,79.2,"Russian Federation"
646,2010,2.5,4.5,64.8,386,62.8,60.9,64.5,"Rwanda"
646,2015,2.4,4.1,47.5,312,65.4,63.2,67.4,"Rwanda"
646,2020,2.2,3.9,40.7,259,67,64.6,69.1,"Rwanda"
646,2024,2.1,3.6,35.4,0,68,65.7,70.1,"Rwanda"
652,2010,1.7,1.3,7.9,0,81.9,77.5,86.9,"Saint Barthélemy"
652,2015,1.6,1.1,7.1,0,83,78.5,87.5,"Saint Barthélemy"
652,2024,1.4,0.8,6,0,84.4,81.6,86.9,"Saint Barthélemy"
654,2010,0.6,1.7,14.8,0,76.5,73.4,80.3,"Saint Helena"
654,2015,0.8,1.7,16.9,0,75.2,72.6,78.6,"Saint Helena"
654,2024,-0.8,1.6,13.7,0,77,74,80.7,"Saint Helena"
659,2010,-0.4,1.8,18.3,0,71.5,68.5,74.7,"Saint Kitts and Nevis"
659,2015,0,1.6,18,0,71.2,67.8,75.1,"Saint Kitts and Nevis"
659,2024,0.2,1.5,14.5,0,72.3,68.7,76.2,"Saint Kitts and Nevis"
662,2010,0.6,1.7,19,73,72.8,70.1,75.6,"Saint Lucia"
662,2015,0.4,1.5,17.8,80,72.9,70,76,"Saint Lucia"
662,2020,0.3,1.4,17.5,73,72.3,68.8,76.2,"Saint Lucia"
662,2024,0.2,1.4,16.6,0,72.8,69.5,76.5,"Saint Lucia"
663,2010,0.6,2.4,11.3,0,78.8,75.4,82.6,"Saint Martin (French part)"
663,2015,-0.4,2.7,10.1,0,79.8,76.3,83.6,"Saint Martin (French part)"
663,2024,-4.9,2.7,9.3,0,80.4,77,84,"Saint Martin (French part)"
666,2010,-0.2,2,10.5,0,76.4,72,81.2,"Saint Pierre and Miquelon"
666,2015,-0.2,1.5,10.4,0,76.5,72.4,81.2,"Saint Pierre and Miquelon"
666,2024,-0.9,1.3,9.5,0,76.9,73,81.6,"Saint Pierre and Miquelon"
670,2010,-0.5,2.1,22.4,45,70.7,68.2,73.5,"Saint Vincent & Grenadines"
670,2015,-0.5,2.1,18.1,36,70.5,67.4,74.3,"Saint Vincent & Grenadines"
670,2020,-0.5,1.8,17.7,62,69.6,66.1,74.5,"Saint Vincent & Grenadines"
670,2024,-0.7,1.8,14.2,0,71.4,68.8,74.5,"Saint Vincent & Grenadines"
882,2010,0.8,4.5,19.2,62,71.5,69,74.1,"Samoa"
882,2015,0.9,4.3,18.5,58,71.1,69,73.2,"Samoa"
882,2020,1,4,17.5,59,70.7,68.8,72.9,"Samoa"
882,2024,0.6,3.8,15.2,0,71.8,70,73.8,"Samoa"
674,2010,2.2,1.5,2.6,0,83.5,81.4,85.3,"San Marino"
674,2015,0.8,1.2,2,0,84.6,82.7,86.3,"San Marino"
674,2024,-0.2,1.2,1.4,0,85.8,84.3,87.2,"San Marino"
678,2010,2.1,4.8,35.9,160,63.9,61.4,66.5,"Sao Tome and Principe"
678,2015,1.7,4.4,23.3,139,66,63.1,69.3,"Sao Tome and Principe"
678,2020,2.2,3.8,16.2,146,68,64.6,72,"Sao Tome and Principe"
678,2024,2,3.6,13.2,0,69.9,66.4,73.9,"Sao Tome and Principe"
682,2010,3.8,2.8,12.3,15,75.6,74.1,78,"Saudi Arabia"
682,2015,3.3,2.6,9.1,16,77.8,76.6,79.7,"Saudi Arabia"
682,2020,1.2,2.3,7,16,77.6,76,80.1,"Saudi Arabia"
682,2024,1.8,2.3,7.4,0,79,77.3,81.3,"Saudi Arabia"
686,2010,2.4,5.1,66.7,450,64.2,62.3,66.2,"Senegal"
686,2015,3,4.8,51,321,66.5,64.6,68.3,"Senegal"
686,2020,2.6,4,40.2,261,67.5,65.5,69.7,"Senegal"
686,2024,2.3,3.8,34.2,0,68.9,67,71,"Senegal"
688,2010,-0.4,1.4,7.7,14,74.4,71.2,77.6,"Serbia"
688,2015,-0.7,1.5,6.3,13,75.7,72.5,78.8,"Serbia"
688,2020,-0.9,1.5,5.6,10,74.5,71.1,78.1,"Serbia"
688,2024,-0.7,1.5,4.7,0,76.9,73.7,80.2,"Serbia"
690,2010,1.7,2.2,14.1,8,72.5,69.2,76.2,"Seychelles"
690,2015,2.4,2.2,14.5,5,72.3,69.1,76,"Seychelles"
690,2020,2.2,2.2,14.7,3,74.1,70.6,78.6,"Seychelles"
690,2024,1.9,2.1,12.4,0,73,70.1,76.7,"Seychelles"
694,2010,2.6,5.3,161,837,51.9,50.9,52.9,"Sierra Leone"
694,2015,2.3,4.5,132.9,588,55.5,54.5,56.3,"Sierra Leone"
694,2020,2.3,4.1,108.4,443,59.7,58.2,61.2,"Sierra Leone"
694,2024,2.1,3.7,95.7,0,62,60.2,63.7,"Sierra Leone"
702,2010,1.9,0.9,2.8,8,81.6,79.3,83.9,"Singapore"
702,2015,1.2,1,2.7,8,82.7,80.5,84.9,"Singapore"
702,2020,-2.2,0.9,2.7,7,83.7,81.4,85.9,"Singapore"
702,2024,0.7,1,2.2,0,83.9,81.4,86.4,"Singapore"
534,2010,0.8,1.8,18.6,0,74.8,71.9,77.9,"Sint Maarten (Dutch part)"
534,2015,2.1,1.7,16,0,75.9,73.1,79,"Sint Maarten (Dutch part)"
534,2024,1.4,1.4,14.5,0,76.5,73.8,79.7,"Sint Maarten (Dutch part)"
703,2010,0.1,1.4,6.8,5,75.5,71.7,79.2,"Slovakia"
703,2015,0.1,1.4,6.4,5,76.7,73.1,80.1,"Slovakia"
703,2020,0,1.6,6,5,76.9,73.4,80.2,"Slovakia"
703,2024,-0.5,1.6,4.8,0,78.5,75.2,81.7,"Slovakia"
705,2010,0.2,1.6,3.4,6,79.3,76,82.4,"Slovenia"
705,2015,0.1,1.6,2.3,5,80.5,77.6,83.3,"Slovenia"
705,2020,1.1,1.6,2.4,5,80.4,77.6,83.1,"Slovenia"
705,2024,-0.1,1.6,1.8,0,81.8,79.1,84.5,"Slovenia"
90,2010,3.7,4.3,26.5,147,68.7,66.9,70.7,"Solomon Islands"
90,2015,3.6,4.3,23,141,69.3,67.9,70.9,"Solomon Islands"
90,2020,2.4,3.7,20.3,122,69.3,67.8,71,"Solomon Islands"
90,2024,2.4,3.5,17.1,0,70.7,69.4,72.2,"Solomon Islands"
706,2010,2.4,7.3,185.1,963,48.9,47.1,50.8,"Somalia"
706,2015,3.4,7,133.3,761,55.1,53,57.1,"Somalia"
706,2020,3.8,6.5,113.5,621,57.1,55.1,59.2,"Somalia"
706,2024,3.4,6,102.1,0,59,56.5,61.6,"Somalia"
710,2010,1.2,2.4,53.5,219,58.9,56.2,61.2,"South Africa"
710,2015,2.3,2.4,39.1,141,64.1,60.8,67,"South Africa"
710,2020,1.6,2.3,29.3,127,65.2,62.2,67.9,"South Africa"
710,2024,1.2,2.2,31.2,0,66.3,62.8,69.8,"South Africa"
728,2010,6,5.3,111.6,1060,57.5,56.4,58.5,"South Sudan"
728,2015,-0.1,4.7,244.7,1225,39.8,36.9,42.9,"South Sudan"
728,2020,2.6,4.2,99.1,1223,57.6,54.8,60.5,"South Sudan"
728,2024,2.1,3.8,98.2,0,57.7,54.8,60.7,"South Sudan"
724,2010,0.4,1.4,3.8,4,82,79,85,"Spain"
724,2015,0,1.3,3.1,4,82.6,79.8,85.3,"Spain"
724,2020,0.2,1.2,3,3,82.2,79.5,85,"Spain"
724,2024,0,1.2,2.9,0,83.8,81.1,86.4,"Spain"
144,2010,0.6,2.1,11.2,37,74.5,70.9,78.2,"Sri Lanka"
144,2015,0.8,2.1,8.8,30,76,72.6,79.4,"Sri Lanka"
144,2020,0.7,2,7,29,76.9,73.7,80.1,"Sri Lanka"
144,2024,0.6,2,6.2,0,77.7,74.4,80.7,"Sri Lanka"
275,2010,2.5,4.4,21.8,43,73.3,71.6,75.1,"State of Palestine"
275,2015,2.4,4,18.6,26,74.6,72.5,76.7,"State of Palestine"
275,2020,2.3,3.5,15.2,20,75,72.6,77.6,"State of Palestine"
275,2024,1.6,3.2,27.5,0,69.2,65.2,74.3,"State of Palestine"
729,2010,2.1,5.1,74.7,383,63,60.6,65.7,"Sudan"
729,2015,3,4.9,64.8,298,64.4,61.7,67.3,"Sudan"
729,2020,2.6,4.5,55.3,270,65.1,62.4,68.2,"Sudan"
729,2024,1.6,4.3,53,0,66.5,63.4,69.8,"Sudan"
740,2010,1.2,2.7,23.2,138,69.6,66.5,73.1,"Suriname"
740,2015,1.1,2.6,20.4,125,70.6,67.5,73.9,"Suriname"
740,2020,1,2.3,17.7,96,72.3,68.6,76.2,"Suriname"
740,2024,0.8,2.2,12.4,0,73.8,70.6,77,"Suriname"
752,2010,0.8,2,3.1,5,81.5,79.5,83.5,"Sweden"
752,2015,1.1,1.8,2.9,4,82.2,80.3,84,"Sweden"
752,2020,0.5,1.7,2.8,5,82.4,80.6,84.3,"Sweden"
752,2024,0.5,1.4,2.4,0,83.4,81.6,85.2,"Sweden"
756,2010,1.2,1.5,4.4,8,82.3,80,84.4,"Switzerland"
756,2015,1.1,1.5,4.6,6,82.8,80.7,84.9,"Switzerland"
756,2020,0.7,1.5,4.2,7,83.1,81,85.1,"Switzerland"
756,2024,0.5,1.4,3.6,0,84.1,82.2,85.9,"Switzerland"
760,2010,2.2,3.4,19.3,21,73.5,71.6,75.6,"Syrian Arab Republic"
760,2015,-3,3.1,38.2,30,63.3,57.2,70.6,"Syrian Arab Republic"
760,2020,2.8,2.8,22.3,30,71.9,69.2,74.8,"Syrian Arab Republic"
760,2024,4,2.7,21.4,0,72.6,70.2,74.9,"Syrian Arab Republic"
762,2010,2.2,3.5,44,32,68.4,65.7,71.1,"Tajikistan"
762,2015,2.6,3.5,37.8,20,69.7,67.2,72.2,"Tajikistan"
762,2020,2.2,3.2,32.7,17,68.6,66.2,71.1,"Tajikistan"
762,2024,1.9,3,25.9,0,71.9,69.7,74.1,"Tajikistan"
764,2010,0.6,1.6,12.7,35,75,71.4,78.7,"Thailand"
764,2015,0.4,1.5,10.4,30,76.6,72.5,80.9,"Thailand"
764,2020,0.2,1.3,8.7,29,77.3,73,81.9,"Thailand"
764,2024,-0.1,1.2,10,0,76.6,72.3,81,"Thailand"
626,2010,2.4,4.8,71.9,376,63.7,62.1,65.3,"Timor-Leste"
626,2015,1.9,3.8,60.9,285,65.3,63.8,67,"Timor-Leste"
626,2020,1.9,3,51.8,204,66.9,65.1,68.9,"Timor-Leste"
626,2024,1.3,2.6,45.1,0,67.9,66.3,69.7,"Timor-Leste"
768,2010,2.7,5.1,89,530,57.2,56.9,57.5,"Togo"
768,2015,2.5,4.7,75.9,441,59.2,58.9,59.5,"Togo"
768,2020,2.4,4.4,64.4,399,61.1,60.8,61.4,"Togo"
768,2024,2.2,4.1,57.3,0,62.9,62.7,63.2,"Togo"
772,2010,0.4,3.2,9.7,0,74.5,72.6,76.5,"Tokelau"
772,2015,-1.9,2.9,7.6,0,75.7,73.7,77.6,"Tokelau"
772,2024,4.3,2.6,5.2,0,77.2,75.1,79,"Tokelau"
776,2010,0.2,3.9,13.3,93,71.3,67.9,75.2,"Tonga"
776,2015,-0.5,3.5,12.4,86,71.9,68.4,75.6,"Tonga"
776,2020,0,3.2,11.4,126,72.4,68.9,76.1,"Tonga"
776,2024,-0.4,3.1,10.3,0,73.1,69.5,76.5,"Tonga"
780,2010,0.6,1.6,22.3,47,71.8,68.7,74.9,"Trinidad and Tobago"
780,2015,0.6,1.6,19.2,31,72.9,69.9,75.9,"Trinidad and Tobago"
780,2020,0.4,1.6,16.9,27,72.6,69.4,76,"Trinidad and Tobago"
780,2024,0.3,1.5,15.8,0,73.6,70.5,76.8,"Trinidad and Tobago"
788,2010,1.1,2.1,19,44,74.4,72.1,76.9,"Tunisia"
788,2015,1.1,2.3,17.3,40,74.9,72.4,77.4,"Tunisia"
788,2020,0.8,2,13.3,37,75,72.4,77.7,"Tunisia"
788,2024,0.6,1.8,11.5,0,76.7,74.1,79.3,"Tunisia"
792,2010,1.2,2.1,18,22,75,71.9,78.2,"Türkiye"
792,2015,2.5,2.2,13.4,19,76.5,73.5,79.7,"Türkiye"
792,2020,0.8,1.8,10.6,17,76.5,73.4,79.9,"Türkiye"
792,2024,0.2,1.6,11.3,0,77.4,74.6,80.3,"Türkiye"
795,2010,2.1,2.8,43.8,9,68.6,65.2,71.8,"Turkmenistan"
795,2015,2.3,3,42.6,6,69.1,65.7,72.1,"Turkmenistan"
795,2020,2.1,2.8,41.8,5,68.8,65.4,71.9,"Turkmenistan"
795,2024,1.7,2.7,35.8,0,70.2,67,73,"Turkmenistan"
796,2010,3.8,1.9,7.6,0,76.8,74.8,79,"Turks and Caicos Islands"
796,2015,5.1,1.7,6.9,0,77.3,75.3,79.5,"Turks and Caicos Islands"
796,2024,0.7,1.5,5.6,0,78.2,76,80.4,"Turks and Caicos Islands"
798,2010,1.6,3.4,31.4,0,64.8,61.9,67.8,"Tuvalu"
798,2015,-0.2,3.3,26,0,65.4,62.1,68.9,"Tuvalu"
798,2024,-1.7,3.2,19.3,0,67.3,63.9,70.9,"Tuvalu"
800,2010,2.9,6,76.2,372,60,57.7,62.1,"Uganda"
800,2015,3.1,5.3,55.8,319,63.8,61.2,66.3,"Uganda"
800,2020,3.2,4.6,43.5,284,66.4,63.4,69.4,"Uganda"
800,2024,2.7,4.2,37.7,0,68.5,65.5,71.4,"Uganda"
804,2010,-0.4,1.4,11,17,70.2,65,75.3,"Ukraine"
804,2015,-0.4,1.4,8.9,11,72.7,67.7,77.5,"Ukraine"
804,2020,-0.7,1.2,7.1,17,73.3,68.3,78,"Ukraine"
804,2024,2.2,1,6.1,0,74.7,69.8,79.4,"Ukraine"
784,2010,3.4,1.6,8.6,9,81.9,81.2,83,"United Arab Emirates"
784,2015,4.9,1.4,7.6,9,82.1,81.3,83.3,"United Arab Emirates"
784,2020,1.9,1.3,6.5,9,81.9,80.8,83.9,"United Arab Emirates"
784,2024,3.4,1.2,6.2,0,83.1,82.2,84.3,"United Arab Emirates"
826,2010,0.8,1.9,5.1,10,80.4,78.3,82.3,"United Kingdom"
826,2015,0.8,1.8,4.5,8,80.9,79,82.7,"United Kingdom"
826,2020,0.2,1.6,4.2,10,80.4,78.4,82.4,"United Kingdom"
826,2024,0.6,1.6,4.2,0,81.4,79.5,83.3,"United Kingdom"
834,2010,2.8,5.2,69.1,486,61.1,59.3,62.9,"United Rep. of Tanzania"
834,2015,3.5,5,54.5,330,63.9,61.6,66.2,"United Rep. of Tanzania"
834,2020,3,4.8,43.9,238,66.8,63.7,70,"United Rep. of Tanzania"
834,2024,2.9,4.5,38,0,67.2,64.4,70,"United Rep. of Tanzania"
840,2010,1,1.9,7.2,14,78.7,76.2,81.1,"United States of America"
840,2015,0.9,1.8,6.9,17,78.7,76.3,81.1,"United States of America"
840,2020,0.2,1.6,6.2,21,77,74.3,79.9,"United States of America"
840,2024,0.5,1.6,5.9,0,79.5,77,82,"United States of America"
850,2010,-0.7,2.5,9.8,0,73.2,69.1,77.8,"United States Virgin Islands"
850,2015,-2.3,2.2,7.9,0,74.3,69.6,79.8,"United States Virgin Islands"
850,2024,-0.9,2.1,5.5,0,75.7,70.7,81.5,"United States Virgin Islands"
858,2010,0.3,2,10,18,76.7,72.7,80.6,"Uruguay"
858,2015,0.4,2,9,17,77.3,73.4,81,"Uruguay"
858,2020,0.1,1.5,6.7,19,78.4,74.5,82,"Uruguay"
858,2024,-0.1,1.4,7,0,78.3,74.4,82,"Uruguay"
860,2010,1.6,2.4,30.3,38,69.8,67,72.7,"Uzbekistan"
860,2015,1.7,2.6,20.1,31,71.3,68.5,74.2,"Uzbekistan"
860,2020,1.9,3.1,15,30,71.5,68.6,74.5,"Uzbekistan"
860,2024,1.9,3.5,14.8,0,72.5,69.6,75.5,"Uzbekistan"
548,2010,2.2,4.1,23.8,93,69.6,67.6,72.5,"Vanuatu"
548,2015,2.2,4,21.5,92,70.2,68.2,72.9,"Vanuatu"
548,2020,2.4,3.7,19.2,94,70.4,68.2,73.2,"Vanuatu"
548,2024,2.3,3.6,17,0,71.7,69.6,74.1,"Vanuatu"
862,2010,1.3,2.4,17.5,112,73.1,69.1,77.4,"Venezuela (Boliv. Rep. of)"
862,2015,1,2.3,18.3,126,73,68.9,77.4,"Venezuela (Boliv. Rep. of)"
862,2020,-1,2.1,18.8,259,72.4,68.5,76.5,"Venezuela (Boliv. Rep. of)"
862,2024,0.4,2.1,17.9,0,72.7,68.9,76.7,"Venezuela (Boliv. Rep. of)"
704,2010,1.1,1.9,23.3,60,73.6,68.8,78.4,"Viet Nam"
704,2015,1.2,2.1,22.1,52,74,69.1,78.7,"Viet Nam"
704,2020,0.9,2,21,46,75.4,70.4,80.3,"Viet Nam"
704,2024,0.6,1.9,19.7,0,74.7,70.1,79.4,"Viet Nam"
876,2010,-1.9,1.9,15.3,0,76.8,75.3,78.4,"Wallis and Futuna Islands"
876,2015,-1.1,2,14.5,0,77.5,76.4,78.5,"Wallis and Futuna Islands"
876,2024,-0.8,1.4,12.8,0,78.7,77.8,79.7,"Wallis and Futuna Islands"
732,2010,3.7,2.6,47.3,0,67.5,65.9,69.3,"Western Sahara"
732,2015,2.8,2.4,37.7,0,69.3,67.6,71.3,"Western Sahara"
732,2024,1.8,2.2,27,0,71.6,69.9,73.8,"Western Sahara"
887,2010,3.1,4.8,56.1,157,67.2,65.3,69.1,"Yemen"
887,2015,3,4.6,49.8,164,66.8,64,69.7,"Yemen"
887,2020,2.7,4.6,43.4,183,66.4,63.3,69.8,"Yemen"
887,2024,2.9,4.5,38.8,0,69.4,67.4,71.5,"Yemen"
894,2010,3.4,5.4,80.1,268,56.9,55.5,58.2,"Zambia"
894,2015,3.1,4.8,67.8,166,60.7,58.5,62.8,"Zambia"
894,2020,2.9,4.3,59.1,135,63.4,60.7,66,"Zambia"
894,2024,2.8,4,50.8,0,66.5,64.1,68.9,"Zambia"
716,2010,1.7,4,82.7,618,51.9,51.2,52.7,"Zimbabwe"
716,2015,1.3,3.9,60.8,408,59,57.3,60.5,"Zimbabwe"
716,2020,1.7,3.8,50,357,61.5,59.1,63.7,"Zimbabwe"
716,2024,1.9,3.7,44.3,0,63.1,60.5,65.3,"Zimbabwe"
432,2010,2.4,4.6,84.7,530,60.7,58.5,62.9,"LLDCs"
432,2015,2.2,4.3,73.1,431,62.9,60.4,65.4,"LLDCs"
432,2020,2.5,4,58.2,368,64.5,61.6,67.5,"LLDCs"
432,2024,2.2,3.8,52.4,0,66.8,64.1,69.5,"LLDCs"
199,2010,2.3,4.6,88.9,524,60.6,58.8,62.3,"LDC§"
199,2015,2.3,4.3,75.3,439,62.9,60.8,65,"LDC§"
199,2020,2.4,4.1,62.1,377,64.6,62.2,67.1,"LDC§"
199,2024,2.3,3.9,55.4,0,66.5,64.2,68.9,"LDC§"
722,2010,1,2.5,59.4,231,66.8,64.8,68.9,"SIDS"
722,2015,1,2.4,41.7,212,71.7,68.9,74.6,"SIDS"
722,2020,0.6,2.3,37.6,208,71.8,68.7,75.1,"SIDS"
722,2024,0.8,2.2,34.7,0,72.9,69.9,76,"SIDS"
